id,firstName,lastName,gender,number,rented,renting
32,Janet,Hardin,female,9568 6508,3370,3283
11,Marcus,Chapman,male,8940 5717,"3314,1142,947,2072","1270,1953,2205"
764,Russell,Murphy,male,8950 6271,"1425,1960,1024",
296,Albert,Santos,male,8908 0395,"497,1550,2876",1722
237,Nancy,Morris,female,8034 4084,252,"996,3522,2129"
506,Hailey,Dunn,female,8542 9460,1546,"1962,1110"
688,Cheryl,Burch,female,8952 4681,"525,2533",
555,Tyler,Thomas,male,8051 6922,"1302,1427,3290,367","1494,3213,626"
511,Chelsea,Diaz,female,9792 0973,"2952,2315,3095,3490",3559
132,Kathleen,Lee,female,9266 6478,946,"3364,636,1528"
998,Morgan,Green,female,8024 9801,"822,2939,1975,270",
10,Samuel,Key,male,8952 1828,"2168,2848,1814,737",
79,Shannon,Brown,female,8951 1135,"3489,1570",
862,Diana,Cooper,female,8952 8411,"322,3305,3197,1849","938,3472,664"
532,Douglas,Nelson,male,8051 5978,"1802,1990,702",1006
751,Curtis,Burns,male,8051 0003,"44,3006,595","3369,1735"
822,Kimberly,Wells,female,8951 3152,313,"3142,815,1448"
70,Brittany,Johnson,female,9527 4778,"1950,2201",2915
434,Kenneth,Huffman,male,8950 6220,"999,3178,3590","280,3596"
628,Amanda,Gibbs,female,9625 8780,3231,1153
826,Cole,Hood,male,8952 2169,"2830,2929","1488,2889,2898"
978,Howard,Kennedy,male,8399 6634,"2013,20,2293",
969,Brooke,Taylor,female,8051 3935,"3196,2055,2751",
245,Zachary,Wright,male,9843 0128,"1094,147",67
718,Crystal,Martin,female,8045 2502,"1786,3200,1640","3473,2824,2250"
622,Janice,Butler,female,8010 4700,"2723,2284,769","1169,1359"
717,Shelby,Mccarty,female,9506 9394,408,
375,Logan,Gonzales,male,8912 3133,"3124,2337,2690,3446",1332
948,Jennifer,Johnson,female,9634 6451,"2506,1685,2317,1300",
493,Antonio,Rowe,male,8951 3963,"2859,926,3373,161",
219,Michael,Johnson,male,8051 8589,"3221,796,3232,2415","304,1082"
942,Jared,Huang,male,8039 5049,"1630,857",
747,Jeremy,Bishop,male,8951 3322,"378,698",131
345,Tyler,Smith,male,8950 6032,"2805,882,605,3173",
467,Eric,Kelly,male,8951 3797,"162,2427","1338,404,1200"
279,Heather,Mcpherson,female,8950 0630,"948,1729,1253,1897","3261,122,3489"
204,Rhonda,Haley,female,9600 6630,"1136,3558,3388,2933","2260,1883,1080"
240,Michael,Lewis,male,9220 8812,"177,824,210,836",
185,Sheila,Johnson,female,8051 5043,952,
396,Kaitlin,Stewart,female,8952 2113,"1383,3118,1164","1577,2854,2720"
304,Sean,Anderson,male,9754 6630,"2312,2233,519,3112",2783
518,Michael,Nelson,male,9787 7607,"114,1562,2816,2626","1705,1815"
320,Erica,Conrad,female,8952 6625,"57,3469,806,710","2058,1620"
242,Dana,Mccoy,female,9353 8432,"1385,174,1207","234,3255"
306,Donna,Calhoun,female,8918 2118,"1357,2335,1830,3480","2855,2178,2211"
562,Ashley,Diaz,female,8952 0889,"2110,340","2958,2337"
702,Scott,Frey,male,8951 7982,"3024,855,93,726","463,3180"
275,Jacob,Santiago,male,8051 1510,"905,2842","1097,217"
264,Patrick,Hebert,male,8465 7158,"577,1945,364",3461
105,Joseph,Gamble,male,8051 2628,"155,574","665,3188"
401,Kristopher,Lawrence,male,8952 1160,"1734,3399,936",
785,Charles,Rogers,male,9164 9974,"2832,436,2851,471",
48,Tara,Stone,female,8951 3167,3252,1369
297,Ms.,Emily,female,8950 6116,"183,1885","2304,894,639"
633,Dalton,Turner,male,8051 2415,3193,"705,1226,2821"
69,Kristina,Webb,female,8051 1495,1190,2657
327,Kirsten,Hernandez,female,8034 8972,"2597,1837,540,1034",464
636,Jose,Clark,male,9467 9300,"2615,2346,2111",
817,Todd,Martin,male,9304 3522,"2443,3311",
646,Francisco,Moore,male,8930 6417,"2308,1329,1564","3098,997,1655"
545,Steven,Duke,male,8026 0885,"762,3280","268,2515"
902,Elizabeth,Galloway,female,8952 7665,"853,3323",3480
956,Lisa,Reed,female,8051 0193,"2487,2683,2198,3563",
13,Christina,Jackson,female,8939 9521,"1593,3264,1705",2207
529,Robert,Wade,male,8051 3762,"3381,3309,2570",232
866,James,Jones,male,8952 4659,"3256,2103,1238,3127",2278
391,Samuel,Byrd,male,9583 0063,"451,1781,842",
173,Henry,Spears,male,8480 6613,102,
128,Ruben,Ramirez,male,8638 8887,"1273,2412","2420,1614"
453,Jenny,Wilson,female,8951 3493,"2864,3287",
98,Joshua,Figueroa,male,8952 5671,1142,"2820,2420"
791,Jodi,Gray,female,9013 3362,719,"3476,587,847"
624,Julie,English,female,8587 2810,"246,1393,2955","1887,426,1630"
923,Matthew,Scott,male,8950 4373,1729,"2552,3235"
480,Megan,Campos,female,8051 7648,"266,195","897,1798"
648,Jennifer,Fowler,female,9705 5053,"204,2534,290,2949",
2,Rebecca,Thompson,female,8951 8798,1372,1330
476,George,Nelson,male,8952 8173,"1787,3153,2594",3385
595,Steven,Elliott,male,8950 2466,"618,1003,2958",1446
414,Tracy,Duncan,female,9391 7251,"781,2797",2570
538,Angela,Villa,female,8498 7635,3470,3164
104,Michael,Carter,male,8951 6366,960,
451,Patricia,Graham,female,8928 1525,"1829,2513",2559
779,Jessica,Levy,female,9664 5780,2515,1739
27,Stephanie,Swanson,female,8952 4189,"2325,1919,1463,40",
800,Sarah,Gonzales,female,8051 2232,"1523,294,3079,1917","1796,2601"
280,Christina,Wade,female,9032 3085,"1689,433,292,768",1258
468,Kenneth,Long,male,8950 7438,"3558,2339,724","3068,341,1450"
252,Laurie,Burton,female,9609 7644,"419,306","1500,2855,3297"
80,Eric,Murray,male,8051 9018,"379,3481,3257","1716,3345"
781,Barbara,Hernandez,female,8952 5137,1135,
837,Danielle,Gonzalez,female,9401 0846,"3369,1007,778",413
652,Jessica,Osborne,female,8944 3040,"2813,1431,2266,3241","2623,860,1289"
703,Johnny,Buck,male,8950 2085,1010,"631,614"
420,Robert,Smith,male,8051 8989,"1545,1325","1529,164,2212"
412,Steven,Davis,male,8952 3542,"2531,2648","2749,2631"
871,Julie,Cooper,female,9825 6142,3469,"3494,2787"
659,Robert,Nguyen,male,9245 2032,"456,3599,2315","1768,1699"
827,Justin,Benitez,male,8951 6695,"2257,858",2485
281,Courtney,Martinez,female,8051 9097,1694,
533,Charles,Sims,male,9517 6714,"2330,1782,2823,987",2584
259,Joshua,Gutierrez,male,9703 6863,"1297,2282,2551","878,2005"
437,Mary,Reyes,female,9088 1062,"3280,742,1487",
463,Michael,Howard,male,9343 5197,1994,"872,1205"
958,Rebecca,Davis,female,9729 8144,2355,
46,Martha,Rodriguez,female,9571 3435,"1940,1159","486,1677,157"
387,Corey,Brown,male,8952 9139,1976,"521,1710,416"
576,Deanna,Burns,female,8108 7927,"1599,182,372,3299",
922,Kathleen,Molina,female,8051 5664,"25,635,2572,3345",1440
256,David,Edwards,male,9828 2305,2199,"1648,410,2679"
589,Ryan,Simpson,male,9843 7010,"3601,65","875,2719,30"
209,Edward,Rice,male,9307 1707,"3093,3261",
678,Madison,Hubbard,female,8228 9362,"1898,2049,2079",
333,Bailey,Morris,female,9597 8214,"1419,2052,170","2745,1143,3354"
807,Emily,Vazquez,female,9635 1752,"3276,2206,1863,487","3488,2642,3390"
575,Sheri,Sanchez,female,8950 4250,"2910,278",
651,Thomas,Davis,male,8951 8878,"3387,3026,2059,751",
127,Jeffrey,Nelson,male,8051 3032,852,"3005,2077,159"
274,Catherine,Murphy,female,9135 8219,"2901,2822","3537,342"
773,Ian,Willis,male,8951 2773,"1471,2671",1755
695,Christopher,Robinson,male,9187 4530,"3398,2519,239,1850","1957,1572,2348"
397,Julie,Smith,female,9405 6705,"2693,865","1460,1372,1553"
469,Bobby,Guerra,male,9864 5056,"2344,1535","1719,1480,995"
207,James,Castro,male,9664 3879,"3172,1626","1175,2607,1208"
920,Christopher,Turner,male,8908 2014,"193,1540,890","667,3192"
610,Rebekah,Gill,female,9013 9026,"477,798,2418",
269,John,Gonzales,male,9352 4868,2166,"217,2814"
338,George,Phelps,male,9833 7102,"1522,213,2384,2354",267
845,Emily,Simon,female,8951 0969,"1693,3233",964
194,Miranda,Miller,female,9267 1667,"374,3296,2604,2069",568
352,Luis,Jimenez,male,8416 4738,"1754,3479",
116,Kim,Norton,female,8951 2886,"3217,157,488,555",
9,Garrett,Maldonado,male,9856 4582,285,"2080,537,157"
507,Richard,Huynh,male,9457 7597,2968,
867,Aaron,Knight,male,8051 0519,"575,556",
836,Brian,Hurst,male,8951 8487,"2914,626,2923,3127","3305,1171"
581,Laura,Neal,female,9717 0296,"912,21,2636,1137",2004
851,Billy,Meyers,male,9523 7365,"3167,668","3249,2918"
424,Gabriel,Scott,male,8952 0596,"2994,2373,3543","132,2026"
681,Duane,Marsh,male,8928 0290,"1838,1315,1632",
760,Sheila,Villa,female,8950 5174,"1034,11,2110",2282
125,Linda,Simpson,female,8951 1804,279,"2273,2967"
435,Terry,Robertson,male,8019 7375,2460,"420,1982,3440"
263,Heather,Wright,female,9770 6209,"89,2942,1118,802","672,91,3376"
14,Leah,Anderson,female,9612 6208,"742,37",1748
893,James,White,male,8951 8165,2092,"1216,3097"
230,Shannon,Murillo,female,8952 9727,"2906,3152","1495,2829"
520,Samuel,King,male,8952 5627,"1360,129,884,721","1092,1410,1159"
683,William,Alvarez,male,8952 0158,"324,20",
49,Scott,Nichols,male,8951 4014,"2144,1798,1418",1507
156,Timothy,Neal,male,9188 1495,"164,1148,2357","2749,1255,3218"
896,Isaiah,Landry,male,9578 1857,"89,257,423,2319","2687,3596,310"
668,Tracy,Brown,female,8051 5526,"237,1829","2480,1462"
20,Steven,Mclaughlin,male,8951 4019,"598,1840,742","2179,698,1864"
631,Scott,Wilson,male,8051 4979,"1383,1929",
940,Allen,Woods,male,8051 5422,"1383,425","499,1656"
208,Alexander,Brennan,male,8051 7920,"109,2234,2882","2993,2319"
47,Tamara,Guerra,female,9179 4245,"2310,836","2868,2070,2369"
289,Amy,Garcia,female,8122 3275,"764,2809,1203,1851",56
772,Jamie,Wiley,male,8950 9580,"851,1617,2328,135",
225,Jill,Robles,female,8951 7712,"1573,2013,3140,2587","2474,1574,2412"
734,Tiffany,Barrett,female,8951 6518,"1918,502","987,1212"
61,Jason,Bowers,male,9228 5779,"776,167,1798,1800","2841,3520,637"
217,Lauren,Hernandez,female,9630 8258,"3536,2492,3358","3212,2779,1629"
671,Elijah,Martin,male,9400 7704,1447,2748
57,Marc,Johnson,male,8950 2373,2757,3358
852,Paul,Campbell,male,8051 6342,"1878,872,2532,143",1986
178,Jeff,Sullivan,male,8945 3789,"701,24,569","637,1725"
151,Crystal,Austin,female,9725 7827,1114,"2222,752"
542,Angela,Murray,female,8051 8535,"2356,3344,753,3061",
860,Andrew,Rivera,male,8051 7478,"2698,2247,1180",
587,Victoria,Stewart,female,9803 1499,2146,3398
614,Caitlyn,Brooks,female,8015 7262,657,
941,Anthony,Evans,male,9838 8623,"3353,1973,3281","1599,1967,3055"
25,Carrie,Wilson,female,8472 4967,"2571,1743,3406",3545
967,Matthew,Vega,male,9831 7383,"445,1406","2233,3119"
877,Alexandra,Bryan,female,8952 1620,"1112,2168","2135,905"
727,Michele,Cruz,female,9317 4952,"2640,2353,3516",
107,Rachel,Li,female,8952 7609,247,
273,Christine,Marshall,female,8952 4023,648,"3520,2713,1913"
456,Carolyn,Decker,female,8022 6486,"3419,2396,1387,1473","3192,712,834"
85,Hunter,Jones,male,8051 8393,3017,
512,Alexis,Mcdaniel,female,8952 1647,164,"2925,173,2503"
952,Christopher,Henry,male,8051 9892,461,2694
687,Ethan,Price,male,9733 6020,"2467,2535",1313
446,Robert,Diaz,male,8027 0754,"1847,481,507,1440",708
477,Christina,Cervantes,female,8051 1858,1361,"918,196,2525"
597,Kevin,Ward,male,9811 2256,1357,"1559,813,2480"
249,Derek,Fernandez,male,8951 3448,"3311,1181,3141","745,2531"
37,Michelle,Anderson,female,8951 4197,"860,2126,4,2849",2837
928,Brandon,Wilson,male,9383 2526,"407,569","512,508,3190"
640,Francisco,Andersen,male,8049 9620,"1175,2926,300,1910",2477
94,Angela,Burke,female,8051 8903,"1525,1787",
491,Christopher,Harrison,male,8935 3782,3500,
638,Lisa,Aguirre,female,9723 5947,"172,2840,1381,808","1799,2354"
294,Jenna,Cummings,female,8633 7302,"2057,3095,926,1403","3353,1475"
163,Deborah,Manning,female,8950 7387,"379,1197,2657","2727,2990,3085"
282,Lisa,Morales,female,9676 5098,"2405,2961,2370",3410
863,Bradley,Lyons,male,9702 4934,2504,
243,Richard,Alvarez,male,8951 2786,"337,1713,2529,1281",2670
73,Ronald,Glenn,male,8902 3889,"239,3131",
322,Erika,Cochran,female,8051 0488,2519,
756,Brandon,Jones,male,8952 7412,"1887,1263,3075","2420,1671"
831,Mary,Keller,female,9251 8709,"3428,840,1758",
334,Michelle,Melton,female,8051 4256,"1707,72,2525,2752",104
155,Steven,Douglas,male,9892 5732,"2800,2965",
113,Monica,Castillo,female,8952 2476,"856,134,2275,1423",2249
993,Troy,Rodriguez,male,8025 8113,"2475,1618,3084",1371
30,Lucas,Holland,male,8039 2172,"3194,1359","453,3383,1619"
336,Carlos,Hudson,male,8041 7289,"1610,2689",3374
540,John,Jones,male,9136 1841,"2575,2900,1525,805",698
926,Kristina,Kelly,female,8952 3725,2839,1753
257,Kaitlyn,Grant,female,8950 2845,"615,1205,1670,2878","326,2050,526"
68,Keith,Harvey,male,8950 6558,"3479,2569","3412,3203,2402"
157,Jamie,Jones,female,8029 5336,"2988,2268,1195,1434","2909,798"
728,Amy,Haley,female,8951 5917,3016,"1079,734,422"
987,Veronica,Jones,female,9603 3415,"846,11",1059
983,Mary,May,female,8951 7034,"1436,580,365,2870","920,2197"
350,Steven,Reynolds,male,8051 3327,"1813,2353","1758,1909"
372,Michael,Douglas,male,9864 8651,"809,36",2936
36,Gloria,White,female,8036 3123,"2448,3002,2991,2671",2356
502,Gregory,Byrd,male,8951 3258,"2962,337,3220",1156
196,Aaron,Johnson,male,8051 8748,1593,"3132,395,103"
528,Benjamin,Allen,male,8950 7152,"842,2045,2787",2694
601,Patrick,Hall,male,9634 0046,"2627,2056,2137,121",3052
210,Dustin,Gonzales,male,8051 3748,"2876,995,3320,2876",565
962,Timothy,Hansen,male,8051 9610,"2359,1526,1883",868
612,Garrett,Bishop,male,8033 8841,229,2102
174,Mallory,Robinson,female,8951 6516,"1303,2004",965
392,Robert,Mason,male,8925 6487,"2946,1807,369","2998,111,3177"
268,James,George,male,8952 5730,"525,3351,1341",3487
75,Beth,Bauer,female,8951 6348,"3039,895",
24,Amanda,Garza,female,8051 7104,"2440,3023,1986",3239
658,Donald,Stevens,male,9722 5224,"950,1655",1532
233,Jeffrey,Johnson,male,9110 3754,"3043,886",3307
868,Tony,Morgan,male,8051 4691,1414,1148
503,Steven,Allen,male,8950 3240,488,
609,Stephen,Hernandez,male,8951 7336,"3501,1926",
778,Jessica,Small,female,9407 8926,"854,1525,3165","2212,2215,3161"
129,Gina,Perez,female,8031 0413,"3192,789","1978,2418"
358,Russell,Hall,male,8951 1138,3552,2341
632,Theresa,Lambert,female,9611 6860,2913,
864,Shawn,Cooper,male,8051 7073,"2313,3133,3314,365","2756,3398,2612"
594,David,Martinez,male,9234 8635,"1530,3090,4,2034","2005,2367,2543"
872,Jeffrey,Rodriguez,male,8051 9938,"1259,2126",
543,Erica,Wright,female,8950 0370,3586,1042
235,Darlene,Robinson,female,8051 2516,"633,1297,1332",1359
793,Erika,Anderson,female,8950 1536,"2600,2054,1210",389
138,Katelyn,Morris,female,9588 3503,"3267,2534,1282",455
381,Lisa,Johnson,female,8951 9492,"411,1545",436
485,Thomas,Haley,male,8275 8779,"2356,922,3387,697",
314,Tara,Perez,female,8915 2910,"1260,1271,1568,2497",
190,John,Stevenson,male,8609 8583,"3372,2422",632
160,Rhonda,Johnson,female,9110 3844,"656,1764","2776,1631,3415"
355,Jill,Barnes,female,8952 7211,"1053,2553",172
977,Karen,Salazar,female,8051 4737,2891,"508,649,2492"
321,Robin,Ford,female,9689 2832,"3147,2190","2848,70,3106"
883,Dennis,Sparks,male,9324 2169,"1208,3213,3194",
253,Brian,Bishop,male,8472 1275,"2883,1116,2839,1718",
570,Joshua,Sawyer,male,9096 9789,2333,"876,2730"
686,Carol,Allen,female,9581 2208,"2787,2164","2290,561,99"
615,Denise,Robinson,female,8938 1707,"1209,2617,2713","2872,2694"
657,Pamela,Adkins,female,8951 2708,"484,2304,1280","600,1823"
513,Richard,Moore,male,8952 2895,"2071,2510","1875,3232,3013"
206,Wesley,Robertson,male,9633 9240,"1294,1168,745,2990",
72,Tamara,Bell,female,8952 8687,"3591,805,3534","3145,2342,2166"
251,William,Johnson,male,8951 9598,"3569,602","3424,2947,2708"
861,Michael,Ramirez,male,8027 2441,"3062,1785","2961,364,332"
290,Crystal,Perez,female,8051 4213,"1739,785,2017,1086",
405,Andrew,Peters,male,8939 0086,"202,2023,2564","1742,679,412"
303,Geoffrey,Hatfield,male,8952 8488,2102,156
667,Ryan,Foster,male,8921 9082,2479,738
806,Krista,Carter,female,8952 8368,"3573,820,1769","2334,355"
758,Veronica,Merritt,female,8951 4863,1852,
335,Christine,Chavez,female,8952 3105,"73,799,1578,2806","301,3240,2588"
382,Rodney,Bautista,male,8951 5345,"1402,228,2622,212","1575,1470,3530"
724,Michael,Barton,male,8951 1914,"46,2757",
558,Jeremy,Wright,male,8013 2720,1012,"1437,527"
937,Taylor,Hicks,female,9709 0508,373,"3079,410,3109"
856,Rebecca,Guerra,female,9345 2790,"1611,1989,3525",35
499,Martha,Ross,female,9488 0947,"1537,3442,909,1629",988
821,Rachel,Rice,female,8950 2265,"1175,1248","1054,1318"
752,Patricia,Arroyo,female,8018 8220,513,"61,1985"
497,Daniel,Snyder,male,9448 5345,"835,3023,3275,3537","1772,2976"
605,Morgan,Browning,female,9536 6034,"3500,2249,2953,645",
544,Bradley,Martinez,male,9774 2495,"65,175",1325
117,Sean,Tate,male,8950 7332,"915,749",
231,Robert,Benson,male,9248 5625,869,"3434,1705"
700,Janice,Hernandez,female,8051 0797,"170,2820,1496,2019","2773,3518,2706"
154,Melissa,Campos,female,8051 8085,"1616,1980,3581,3214","797,499,439"
811,Amber,Howard,female,8048 8721,3146,"2734,2370"
348,Richard,Rodriguez,male,8941 7089,"559,2040",3091
664,Mark,Orozco,male,8951 7485,2861,"1363,1118,3344"
218,Scott,Levine,male,8051 0370,"3196,642,3155,2783","378,113,2473"
812,Jamie,Perkins,male,8731 8893,"3099,2037","1105,2398"
654,Henry,Bradley,male,9707 1925,"3256,3413","445,2188"
549,Penny,Powell,female,8952 3087,"2672,1122",
310,Kathleen,Stewart,female,8051 6002,1106,"3534,3376"
492,Anthony,Knight,male,8951 3949,"3294,1697,2138,656",2524
261,Jacqueline,Nguyen,female,8744 3406,"1937,3020","3285,2535"
698,Valerie,Murphy,female,8950 9636,"882,3520,3426",2059
21,Gregory,Young,male,8340 6259,2536,"3142,1974,613"
858,Daniel,Garcia,male,8950 7235,"591,3345",697
407,Michael,Hancock,male,8051 7926,"1184,1393,455,2631","2743,1244"
582,Kyle,Henry,male,8951 4073,528,"893,334,2963"
216,Michael,Zavala,male,9584 8869,2958,
67,Morgan,Walsh,female,8952 2538,"959,922","2587,857"
285,Kristy,Harper,female,8044 5894,1905,"2033,268,3287"
830,Tyler,Brown,male,8951 3003,"1138,829,3094,1769","1245,565"
302,Margaret,Murphy,female,8051 1291,"565,2748,2105,1355","2554,1732,1487"
603,Joseph,Hood,male,8950 6712,"724,2773,1827",
43,Paul,Bradley,male,8922 4106,"448,1363,1869",2962
754,Kathy,Smith,female,9718 4057,2538,372
523,Richard,Wagner,male,8931 9688,3061,
643,Debra,Johns,female,8951 5945,"2448,1362,2589,2031",3377
361,April,Russell,female,8909 5424,"208,1642","872,2401,585"
121,Kimberly,Griffin,female,8051 2155,1166,
897,Morgan,Walker,female,8951 3122,"2688,856,1858,2095","1044,1531"
346,Miguel,Lopez,male,8051 8996,"1901,3396,1272",1365
99,Joshua,Bradley,male,8951 2267,"1503,1748,488,1933",1594
692,Michael,Morgan,male,8950 7425,"253,1982,1239,3047",2884
794,Robert,Martinez,male,9318 4926,"1592,1158,1430","1559,1410,1486"
982,Matthew,Richardson,male,8951 1919,"738,2758",
339,Victor,Hughes,male,8767 8867,"2429,298,2384,2378",1744
536,Leslie,Ballard,female,8042 8956,"2728,1861,2058","1789,1261"
66,Henry,Hernandez,male,8950 5369,"2664,2304",
16,Nathan,Levine,male,8051 3201,"3127,3594",3456
410,Heather,Mcbride,female,8952 5777,793,470
909,Antonio,Gates,male,8013 8408,"198,1152,204,1937",
7,Connie,Williams,female,9359 1989,1586,"475,1421,3142"
159,Laura,Nguyen,female,9521 0749,"3374,1801,2179",1502
92,Nicholas,Brown,male,9001 2266,"1133,1522,706","3274,1655"
899,Melissa,Carter,female,9150 1669,1701,"539,812"
28,Michael,Watson,male,9899 9177,"2017,1045",2671
656,John,Roth,male,8951 0097,1475,
214,Eddie,Roberts,male,8950 3711,"1558,2648,317,3399",
645,Matthew,Hinton,male,8218 9286,"2884,3168,2523,486","1734,1857"
354,Emily,Castro,female,8051 7752,1028,"336,3333"
145,Paul,Rodriguez,male,9676 1527,"3564,885",
232,Michael,Ortiz,male,8952 3736,"3098,3018,39,1173","3104,2270"
639,Raymond,Baxter,male,8951 2127,"245,591","1043,2028"
986,Jamie,Lopez,female,9440 6784,"443,3110","3586,3056,596"
854,Andrew,Patel,male,8950 4487,"768,2917","120,1796"
340,Heather,Williams,female,9501 6725,"2590,1384","3109,3587,2245"
750,Madison,Gray,female,8404 9989,"2434,431,3298,936",
884,Shannon,Bennett,female,8679 7619,"2391,2264,1194,2780","1414,279,2997"
885,Jennifer,Huerta,female,8950 8091,"2971,2912",
95,Rebecca,Jones,female,8951 5844,"630,537","281,2823"
465,Kimberly,Krueger,female,8950 5641,"93,2001,3271","135,2320"
918,Darren,Pennington,male,8952 8984,"325,1410",
725,Mathew,Jackson,male,8950 7042,"3279,1337,1781,1056",
448,Austin,Hicks,male,8951 0668,2655,"2988,951"
780,Ryan,Porter,male,9868 2554,604,"3229,1980"
878,Bruce,Jenkins,male,8872 1220,105,"841,182"
413,Cathy,Mendez,female,8950 7404,1279,"1339,3378"
932,Joshua,Floyd,male,9674 8610,2196,"3313,2160"
955,Alyssa,Jones,female,8950 5376,"3512,2498,2255,286","905,1907"
287,Gary,Washington,male,9220 2386,"2139,1074,1799",
203,Debra,Scott,female,8951 5016,"2273,3034,861","2208,1605,2298"
833,Mary,Irwin,female,8051 1402,"2212,3371,382,1609","1479,2059,1751"
247,Allison,Decker,female,8951 0036,"2243,3514","1923,1775"
606,Michelle,Andersen,female,8051 8812,642,"2035,1922"
78,Phillip,Garcia,male,8951 4792,"2676,2414,877,2647","832,1491,1774"
850,Kenneth,Duncan,male,8950 1193,937,
398,Jason,Grant,male,8950 2574,"3045,603,1640",2734
442,Micheal,Rios,male,8952 8240,"351,781,1467,802",
848,Nicholas,Austin,male,8051 2068,"408,1491,3152,596",79
222,Julie,Hansen,female,9653 2295,"62,2127,2049","1680,751"
933,Francisco,Blackwell,male,9233 1875,"117,661,1775","2334,325,2310"
241,Robert,Roberts,male,9391 2582,415,"2860,1873"
696,Ashley,Morris,female,9116 1730,"2909,3307","1650,2911,1100"
774,Jonathan,Barr,male,8952 0008,1394,3284
697,Jeffery,Clark,male,9865 9222,500,"2846,497"
714,John,Campbell,male,8951 3488,"205,1909,1396,3374","2602,1789"
182,Julie,Singleton,female,8950 8934,"3360,3424","1934,2399"
746,Michelle,Watts,female,8014 1278,1940,"2569,2847,595"
592,Rachel,Campbell,female,8952 1691,3115,"1094,596"
591,Brian,Watson,male,8915 6507,"1651,1818",163
35,Ashley,Pearson,female,8946 2095,"2663,1754,1589",
881,Kimberly,Smith,female,9677 0827,"3480,2398",
260,Cassandra,Brown,female,8032 9340,"3289,1025","1198,274,1890"
400,Peter,Silva,male,8950 1332,"2418,2094,1879","3488,223"
964,Michael,Brady,male,9107 1458,"2502,1649",
879,Samuel,Davis,male,8950 5904,"1547,3353,1845","3334,2268,3544"
26,Michael,Kent,male,9320 8819,"3008,2365,1358",594
215,Collin,Gilmore,male,8051 9648,3059,
888,Elizabeth,Hill,female,8950 8769,"2069,2641",
368,Donna,Wilson,female,9780 4474,941,
353,Lisa,Vargas,female,9685 6658,"3316,2327,2441,192",
997,Eric,Chapman,male,8952 6959,"276,3240",42
855,Wendy,Sutton,female,8951 8255,"2594,640,540,1352","1377,245,3027"
546,Erika,Smith,female,8022 3583,2097,
973,Gina,Williams,female,9728 3514,"1452,981,1220",
17,Sonya,Wright,female,8909 7430,"192,1580,1917,1715","1845,404,2591"
571,Heather,Jordan,female,8950 0587,"3169,3599,322","993,2614"
65,Shannon,Charles,female,8319 6629,"55,3114,456",2360
176,Thomas,Ward,male,8952 8860,"302,541",
943,Marc,Downs,male,8952 2109,"3273,3393,1414,423","1675,3133"
537,Cody,Bell,male,8051 9742,"915,3476",1512
620,Dominique,Paul,female,8028 9029,"2730,3353",
684,Ryan,Grant,male,8951 5489,"2172,925",3562
187,Joseph,Bell,male,8950 6292,"1633,2414,1780",
966,Philip,Smith,male,8032 0451,"1843,787,2432,835","966,623,2156"
874,Laura,Summers,female,8405 6911,"424,338",
307,Erin,Collins,female,8908 0310,"1239,404,244",1034
839,Donald,Palmer,male,8051 8081,"3024,884",896
50,Anna,Collins,female,8877 9852,"1098,958","1246,1494,3027"
675,Shannon,Mcdonald,female,8051 7385,492,"36,2565,3169"
623,Dylan,Turner,male,9362 7290,"861,2707",705
439,Daniel,Baker,male,8910 1773,2970,"2427,1814,2709"
916,Shaun,Swanson,male,8835 9293,"1105,56,1480,2214",3029
201,Sheri,Smith,female,8467 1346,850,
504,Maria,Leonard,female,8950 5084,"2454,1266,1494,2283",2824
1,Ashley,Riggs,female,8891 8505,"2211,3318,3210,899","2161,3222"
415,Kristina,Palmer,female,9025 0644,"2708,2925,1032",
534,Courtney,Rice,female,9883 4353,"1813,731,2379,1724",2595
483,Molly,Lowery,female,9171 0950,"1825,2140,749","1018,2168"
701,Nicole,Galvan,female,8950 5258,"1166,262,122,2278",
331,Sarah,Martinez,female,8951 8116,"3571,3117,854,3543","3055,65"
328,Amanda,Chavez,female,9688 2407,256,
647,Johnathan,Brown,male,8051 2523,"3332,3522",627
792,William,Merritt,male,8051 9188,3558,3528
135,Melissa,Bowers,female,9209 7274,"106,1902",3307
385,Randy,Martin,male,8952 5934,"2025,2890,2893,289","363,3434,2469"
45,Kristie,Brown,female,9099 5958,1463,"66,256,1289"
521,Todd,Stout,male,8952 8577,1780,"2186,2410"
152,Julia,Stafford,female,9323 2264,"2348,577",
567,Rhonda,Frey,female,8038 9118,2344,"480,46"
629,Jason,Cox,male,8952 4227,"1059,2933,122,1813","2324,2428"
134,James,King,male,8032 6957,"2850,114","2,163,2566"
54,Wesley,Beck,male,9832 6341,"107,3312,1552,2066",3306
224,Nancy,Foley,female,9349 5855,"751,854",3091
234,Tommy,Kerr,male,9078 0570,"1404,2441",2448
120,Patricia,Mitchell,female,8952 8075,"347,824,3591",357
494,David,Gates,male,8951 1145,2609,"1439,2868"
53,Lauren,Holland,female,8952 0272,"636,1097",
150,Vanessa,Carter,female,8051 8247,575,
283,Jonathan,Torres,male,8043 6183,"1854,547,6",414
771,Sandy,Graham,female,8952 5829,"1735,893,2531,1284","2714,2394,3403"
41,Scott,Powell,male,8950 7437,"2108,1729,1945,805",792
292,Elizabeth,Duncan,female,8741 6040,1728,"220,337,1859"
844,Gregory,Smith,male,9637 5715,"2454,2987,1768,240",144
906,Jonathan,Norman,male,8051 6900,"1607,2248,815",267
769,Casey,Travis,female,8950 6356,"2965,861,3319,1017","1812,2043"
808,Meghan,Williamson,female,8952 2423,"2100,3357,3124","2189,2881,962"
376,Rachel,Taylor,female,8952 0467,1509,"1699,3214"
29,Peggy,Bush,female,9092 7639,2247,"2790,978,2746"
711,Stephanie,Pennington,female,8366 6900,548,2873
641,Monique,Rose,female,8952 1865,"2347,607,310","929,1370,48"
762,Alexis,Martinez,female,9427 4443,2636,"1850,2736,2894"
370,Gavin,Russell,male,9478 8190,"394,424,931","1826,2305"
179,Austin,Graves,male,8573 8007,"1567,1505",
131,Jennifer,Marshall,female,9766 4410,111,304
374,Leslie,Webster,female,9766 8026,"1914,2123,2758,2862",
552,Heather,Ford,female,9013 5629,"1379,1961",
607,Samuel,Lester,male,8051 9531,"2778,826,448",1921
776,Lisa,Hughes,female,8951 6515,"2453,2373,2983,728",883
842,Linda,Smith,female,9857 6736,"1030,1748",
344,Jeremiah,Pena,male,8950 3786,"3142,3581,913,2875",
743,Robert,Romero,male,8952 9591,"3387,2762,2602,2490","228,2627,285"
380,Robert,Nash,male,8051 4678,"2096,1398,3271,1852",187
832,Marc,Johnson,male,8051 4583,2726,
840,Shelly,Bruce,female,8950 8710,"1136,745,2462,1180",1522
759,Adrian,Stein,male,8929 9185,"2763,2456,2981,2398","1662,3319"
325,Karl,Garcia,male,9484 3524,3573,"1542,16"
170,Rhonda,Howard,female,8950 0085,"2959,2414,1078",2168
258,Chad,Ramirez,male,8041 2687,"1617,2610,817,2318",
691,David,Garcia,male,8028 1611,1293,"1540,24,3049"
266,Denise,Barajas,female,8051 3819,"1226,3123","2761,84,1091"
44,Scott,Williams,male,9660 6009,"251,3009","2215,85"
621,Ian,Carter,male,8034 0084,3315,
801,Colleen,Duke,female,8950 7012,71,2273
557,Anna,Martin,female,8952 6119,"60,1330,1109,127","2637,2941,3089"
895,Darrell,Burke,male,8049 6308,834,"2261,2128,1065"
706,Douglas,Stokes,male,8325 3563,"2096,3164,1917",1019
853,Lauren,Moreno,female,9229 7895,"1751,150","2301,130,3564"
824,Pamela,Rangel,female,9277 1089,2713,"413,719,2804"
111,Joshua,Moyer,male,8635 8510,"1761,844,1979,3598",
979,Stacy,Woods,female,8036 5026,"2247,1403,42","1910,607"
892,Thomas,Watson,male,8952 5490,"3495,1908,994,2793",
886,Rebecca,Christian,female,9830 4633,"2724,769","2521,180,2529"
748,Jesse,Garcia,male,9731 7576,"632,3377,1289,1358","2380,3047"
498,Stanley,Allen,male,8952 5995,"1838,458",
813,Diamond,Patel,female,8027 8982,"949,3463,1822,1557",608
741,Diana,Young,female,8022 8088,"53,118",
938,Donald,May,male,8950 0183,"2757,1845,1494,2472",
332,Ronald,Wilson,male,8929 0018,"115,3095",1251
838,Mark,Vaughn,male,9071 8340,"2676,3180,1327","2788,3136,2877"
272,Gregory,Woods,male,8407 3559,"639,571",
568,Bethany,Quinn,female,8912 0539,1865,3475
205,Sarah,Downs,female,8012 8489,2181,"798,3495,365"
130,Monica,Fry,female,8919 4651,"2139,1547,551,242",
88,Joy,Wilkinson,female,8950 1734,"1746,142","3143,2728"
430,Maurice,Pineda,male,9727 4930,"1130,2257",292
859,Christina,Alvarado,female,9446 0309,"1084,2303,1687","1514,1276"
34,Scott,Hernandez,male,8051 0951,"2855,2010,3513","373,2474,555"
229,Tina,Chavez,female,8952 6652,"1916,2943","604,230,339"
167,Jeanette,Ball,female,9546 0205,"33,3035,718","2026,631,1453"
369,Hayden,Butler,male,8491 9751,"2786,2982,1315","764,1186"
284,Vincent,Jackson,male,8038 0287,"776,603,507,1667",
561,Felicia,Humphrey,female,9568 7893,3549,
965,Christopher,Lowery,male,9714 6330,"3033,1552","2754,2419,3466"
55,Catherine,Estrada,female,8950 8539,"2225,2614,2001","2077,2521"
784,Ashley,Fuentes,female,8952 2244,1900,"2710,2592"
146,Robert,Robertson,male,8952 4358,"2838,587,2601",202
949,Renee,Campos,female,9336 2023,"3056,2797",
661,Kyle,Ross,male,9890 2686,"2907,1169","573,1431,2496"
84,Luke,Alvarez,male,8951 8430,"3407,3080","2807,3555,1546"
323,Traci,Murray,female,9397 1948,"1930,3184,2087,3521",
419,Jordan,Craig,male,8950 7100,"1471,3191,2067,3205",
975,Anthony,Zuniga,male,8951 8968,"2325,89,971,993",3423
319,Jeremiah,Bruce,male,8936 7881,"166,2175",2046
749,Anna,Neal,female,8485 8914,"733,277",157
444,Alyssa,Norton,female,9237 0357,"2024,904","1851,3064"
349,Stephanie,Schmitt,female,9704 5607,"1100,1339,2116","1951,1544"
869,Mariah,Williams,female,9376 4651,387,"2332,930"
109,Jeffrey,Hubbard,male,8950 2425,"2162,689,232","3397,311"
238,Heather,Reynolds,female,9814 6127,"1952,80,449",
89,Eric,Suarez,male,9665 5239,"1445,155","645,2780,2412"
608,Eric,Howell,male,8051 7368,1493,
19,Marcus,Jenkins,male,8951 6762,"2937,578,991,3007",2381
999,John,Brown,male,8051 9986,"1507,2162,2436",3270
221,Sydney,Cochran,female,8950 7278,2560,
804,Ryan,Palmer,male,8952 4985,1034,"3551,3094,2385"
715,Tracy,Cohen,female,8467 4520,"948,231,1566",3153
51,Kirk,Chan,male,8951 4028,"1770,2024,3456,3463","2929,2682"
270,Patricia,Morris,female,8952 1852,2891,"2555,440"
470,Luis,Lopez,male,8951 9396,"177,2384,1603,2194",1278
31,Sharon,Montoya,female,8051 5636,"3411,850,3081","801,1010"
775,Brenda,Gonzalez,female,8952 2844,"1594,3568,3117",
936,Michael,Rios,male,9052 0860,"1599,60","2106,1057,3227"
501,Scott,Krueger,male,8015 4134,3423,
305,Sarah,May,female,8027 9404,1560,
141,Nicole,Lewis,female,8952 6433,"2437,320,249,3069","2698,2064,818"
704,Renee,Bell,female,9757 4178,1487,2523
4,Anthony,Douglas,male,9510 5494,"2447,2168,2013","665,1619,366"
768,Nancy,Ross,female,8051 6766,"2920,1440,1793,2069",
8,Jennifer,Hale,female,9316 3281,"1454,2785,907","439,1062"
988,Elizabeth,Schaefer,female,8950 6815,"2441,676,3425",
342,David,Dean,male,8051 3642,"2315,171",
300,Linda,Green,female,8952 9934,"2137,2524,1337",
81,Alexis,Porter,female,8952 4197,943,"843,2451,3565"
945,Lisa,Gross,female,9010 8000,"3132,1099,2103","502,995"
59,Summer,Kennedy,female,8918 9318,3082,"1007,315,3301"
569,Cheryl,Mills,female,9243 4286,"2252,2631,2502","2512,1140,2097"
723,Samantha,Gordon,female,8345 2240,"82,717,3570",2730
736,Mark,Taylor,male,8945 9815,2747,
588,Tammy,Martin,female,9701 8022,"877,667","3093,3202"
487,Sherry,Jones,female,8950 8130,782,"1465,2127,2089"
535,Heather,Peters,female,9853 1648,2853,"3504,3387"
38,Julia,Salazar,female,8051 4301,"2266,667,2512",1907
101,Kimberly,Green,female,8951 2911,360,"891,351"
670,Jessica,Brown,female,9108 9228,2739,"2038,2780"
461,Christina,Maxwell,female,8051 0595,"912,3508,3006,268","2708,2778,3335"
726,Susan,Rivera,female,9620 3194,"2317,1495",
3,David,Adams,male,8051 8017,"246,183","84,599,1967"
481,Linda,Moore,female,8912 0265,"2675,1176,2840","3474,2168"
900,Mason,Carpenter,male,8140 1920,"874,2553,3423","2151,3573"
604,Richard,Fuentes,male,9424 2696,"3407,3283",1403
193,April,Flowers,female,8917 3986,327,"892,2375,1130"
291,Chad,Nicholson,male,9637 9490,2447,
409,Katie,Walsh,female,9588 9209,"58,1909,1102,209",
835,David,Harris,male,8950 9045,2503,1326
166,Kenneth,Townsend,male,8950 4139,"3176,1760",1600
554,Brenda,Rice,female,8908 8564,"3323,893","1039,3016,2617"
971,Jeffrey,Chaney,male,8051 7151,"2849,2628,3424,330","2061,251"
220,Rhonda,Hunter,female,8023 3972,1172,"2524,2179,240"
593,Jesus,Lee,male,8033 7912,1188,2915
449,Sara,Moore,female,9219 2049,"1456,1441","422,3404,3072"
693,Sarah,Obrien,female,8951 8187,2781,
479,David,Hoover,male,8952 5393,"1195,1199,499,2014",
531,Dean,Hall,male,8051 1810,3214,"3108,1602,595"
298,Seth,Crawford,male,9454 3661,1430,"418,3388"
735,Joseph,Soto,male,9723 6887,2083,"2355,3321,2126"
86,Tracy,Green,female,8020 2857,1780,
212,Timothy,Clay,male,8951 0060,2282,"1419,2740"
393,Jamie,Wilson,male,8952 3688,"3379,961","1027,343"
709,Savannah,Fischer,female,8051 3719,2734,"1531,1168,469"
731,Angela,Fowler,female,8923 0807,"2583,1504","1159,1959"
74,Jeffrey,Spencer,male,9420 1249,"2260,3202",3050
211,Jason,Woodward,male,8952 0098,851,
417,Michelle,Cordova,female,8022 6492,"1260,3033,1138,3082","2561,965,1991"
143,Melissa,Cervantes,female,9037 9099,1186,526
466,Michael,Pittman,male,9294 3186,"473,3371,2101","263,1079,3425"
262,Kelly,Jones,female,8342 4307,"1149,1440,1879,1",2451
526,Kimberly,Smith,female,9529 9847,"37,510",1317
363,Brian,Hood,male,8950 3780,"1934,164,126","1078,2297"
267,Gary,Nelson,male,9477 8542,"440,1604,1867,2500","465,1431"
265,Jonathan,Benson,male,8952 9335,1537,"191,3005"
685,Luke,Peterson,male,8051 6447,"3345,1770,3311","3364,2549,1451"
440,Lori,Austin,female,9661 6808,2459,"3063,1491,575"
790,Christine,Guzman,female,8951 2251,"1312,3020,3288",
244,Travis,Strong,male,9331 5755,"2757,1808",
887,Carmen,Jones,female,9304 2368,"2484,25","2913,3462"
246,Ms.,Stephanie,female,8950 3039,"2790,2356,242",2471
740,Allison,Foley,female,8909 5704,"3211,608",748
191,Danielle,Welch,female,8051 5662,"2341,933,647",2135
171,Stephanie,Mckenzie,female,8051 8641,"2949,1138",798
486,Pamela,Oneal,female,9195 9339,"126,1380","1029,763"
317,Anna,Taylor,female,8951 8324,"778,191,268",
464,Sherry,Taylor,female,8952 7615,506,
91,Michael,Delacruz,male,8051 8559,454,
276,Crystal,Clayton,female,8951 1279,3134,2993
644,Jill,Simpson,female,8051 9970,1281,"1849,186"
418,Daniel,Jensen,male,9196 9008,420,
729,Nancy,Chan,female,8051 3005,"174,1959,1269,1659",
406,Eric,Walls,male,9530 7416,99,"2928,1225"
148,Suzanne,Gonzalez,female,8583 7469,"2704,1777,1999,2750",2844
782,Hannah,Adams,female,8051 4374,"3156,1754",21
119,Levi,Valenzuela,male,9442 3900,3113,
894,Brett,Moore,male,9226 1880,"3093,509,795","3000,204,179"
165,Robin,Galloway,female,8950 2951,"361,544,415","2224,2363,176"
118,Brittany,Goodman,female,8951 2170,"2043,1355","2379,2268,3077"
875,Courtney,Ramirez,female,8950 1526,1791,1669
137,Melinda,Jones,female,9773 3487,"419,2322,2725","825,2920"
452,Caroline,Ruiz,female,8904 0664,"882,1897,3546,731",
124,Wendy,Campbell,female,8051 8100,"3429,1265",723
972,Brendan,Brewer,male,8952 8285,"261,615",
158,Angela,Howard,female,9694 9432,3546,
635,Valerie,Cooper,female,8043 4812,592,1946
162,Marc,Moore,male,8951 1743,"2947,330","3026,2438,1628"
789,Debra,Walker,female,8051 9132,928,
293,William,Brown,male,8950 0174,"2388,1363,1526,93","2949,2537,1947"
482,Victor,Potter,male,8051 4907,3587,"1336,3524"
882,Samantha,Bullock,female,8022 4908,"592,1607,279,2536","1711,484"
627,James,Williams,male,8951 9416,"1932,929,465,38",440
462,Shawn,Martin,male,8952 7494,3599,"3269,1637,1440"
705,Stephanie,Boyd,female,8921 2376,3030,"1765,3121,2907"
90,Alicia,Sutton,female,8950 4155,"2770,1297","2231,667"
547,Amy,Juarez,female,9123 3867,2890,"432,922"
140,Katherine,Cook,female,9850 9740,"2541,3276,2860,2197",
637,Mary,Mcdonald,female,9681 1053,"1783,2049,815","2938,1521"
64,Tyler,Lee,male,8951 1120,"3599,157,1521",3352
309,Andrew,Johnson,male,8051 6147,"1688,765,569","2773,3174,2193"
951,Natalie,Stephenson,female,9014 5712,"1874,1163",1902
911,Alejandro,Riley,male,8952 2322,2454,"1019,3469"
177,Timothy,Irwin,male,8902 4055,"3427,1221,918,480","749,2969,805"
563,Brittany,Reed,female,8429 4031,3210,
550,Michelle,Gomez,female,8950 6902,"331,1814,3558","2519,3513,2257"
689,Brian,Rodriguez,male,9456 1705,"2865,3493,3366,2119",
984,Manuel,Torres,male,8161 9613,"16,1075",3046
425,Susan,Clayton,female,8951 8283,"824,253","1238,459"
819,Jacob,Ashley,male,8051 7156,"2827,2034,455",
93,Michelle,Burgess,female,9209 9002,662,"1812,3229,3169"
915,Robert,Martin,male,9179 3999,"2715,141,2970",2894
530,Tyler,Gray,male,9829 1987,"69,2652","1492,2665,1157"
676,Kayla,Moore,female,8379 1993,"2966,722","2007,640,1916"
551,Timothy,Martinez,male,8943 6914,"1291,2286,3444",
930,Kathleen,Gonzales,female,8933 6218,"702,2767","2036,928,447"
389,Timothy,Bruce,male,8951 8671,"2262,2141,2548,2399",2618
337,Samantha,Rodriguez,female,8951 9161,2058,"117,228"
710,Michael,Byrd,male,8939 1496,2351,"2407,3160,1369"
403,Gregory,White,male,8952 9501,"911,3186,2079,2945",9
153,Denise,Garcia,female,8950 1670,"1858,865,601","267,381"
613,Melissa,Conner,female,8051 1739,"594,1628,3452","3498,673"
301,Samantha,Ramos,female,8945 0642,"843,3189,1275,3170","2924,3290"
934,Jordan,Edwards,male,8472 5276,"1766,2256,3591",
472,Christopher,Smith,male,8952 7419,721,"1571,1992,3368"
164,Patrick,Friedman,male,8036 0352,"2096,1175,217",
395,Heather,Blackwell,female,9307 8533,"2077,2646","2693,1278"
330,John,Nelson,male,9068 0474,"131,3261,703,809",
343,Tracey,Tran,female,9073 3036,"1301,1362,472,1949","270,3201"
665,Alicia,Henderson,female,8138 2519,33,1902
408,Kristin,Jenkins,female,9444 6936,"106,1176","987,1661,587"
843,William,Fowler,male,8952 5254,"1118,877","3426,965"
508,Elizabeth,Lee,female,9734 5992,"1364,2463,1647,2343","1468,2107"
573,Brenda,Garcia,female,8950 8672,455,
541,Catherine,Hines,female,8738 9702,"460,1690","848,2906,3492"
524,Kenneth,Turner,male,9603 8418,"2579,2174","3108,1232"
39,John,Gutierrez,male,9794 6787,"1223,3398","997,1861,2794"
913,Mark,Hunter,male,9196 8830,3531,
371,Shawn,Campbell,male,8952 4087,1242,"2044,3107"
680,Timothy,Harris,male,9397 4786,"3448,2060,446,2207","2410,2558,2639"
745,Kathryn,Mack,female,8952 3362,"1941,974","1266,2851,1891"
399,Kathy,Stone,female,9243 0719,"641,2508,3539",3044
324,Kimberly,Shaw,female,8952 9441,"1825,2152,1364","2790,32"
288,James,Bauer,male,8950 0268,"3328,2148,2005",2533
136,Sharon,Taylor,female,9877 9885,"3330,207,2396,3210","2521,2023,1814"
787,Jennifer,Holland,female,8051 6372,"895,219,748,1940",
980,Jose,Patrick,male,8952 5306,"434,714",1644
910,Charles,Brooks,male,8051 2915,330,
149,Nicole,Mcknight,female,8951 6882,"1490,376,29,1058","662,1821"
106,Sarah,Waters,female,9840 2183,"924,3463,3356,2274",
423,Katie,Garcia,female,8909 5853,"1868,1656,785",3307
924,Michael,Molina,male,8051 7012,439,"403,110"
880,Stephanie,Pittman,female,9110 2869,"218,1347,445","1298,226"
799,Mary,Wilson,female,8950 6782,719,
890,Katelyn,Perez,female,8952 6038,"2277,2699",
377,Patricia,Williams,female,8950 0992,"3410,857","2847,67,1347"
311,Kimberly,Jenkins,female,8952 8600,"3563,1413,2393",
228,Michele,Smith,female,8051 5171,"1789,695",3092
957,Daniel,Mitchell,male,8035 8358,"473,1747,1473",2273
577,Nicole,Dominguez,female,8048 9322,287,
925,Sara,Mendez,female,9216 2558,"1002,1915",
630,April,Young,female,8952 9796,"3013,1078,281",707
870,Stacey,Harrell,female,8950 2951,2461,"1655,1624"
841,James,Joseph,male,8051 0551,"2613,2922,3206","909,3409,2755"
796,Charles,Hill,male,8051 5011,"2941,2471,326",1749
83,Angela,Sims,female,8950 8288,"2064,2586","2760,824"
489,Richard,Coleman,male,8950 5304,"842,1891,2150,793",1871
436,Cynthia,Grant,female,8951 5593,3391,"243,560,2441"
213,Cheryl,Henderson,female,9511 8427,1250,363
865,Michael,Moody,male,8170 8044,"1548,922","109,3564,2950"
818,Nancy,Larson,female,8051 3495,"152,1044",1770
996,Tamara,Short,female,8051 2794,"1079,3601,216","1660,3542,1282"
739,William,Deleon,male,9712 6789,932,"445,367"
798,Madison,Gregory,female,8952 0924,"2993,499",
981,Diana,Robinson,female,9090 5574,"1250,1677","3530,798,2905"
596,Denise,Swanson,female,8051 7191,"3062,416,1239","2859,1877"
763,Xavier,Carney,male,8051 4681,3351,
63,Cheryl,Hunt,female,8913 1894,"607,3593",3003
299,Kurt,Lee,male,9209 5809,"420,2062,2881,324",
849,Barbara,Gray,female,9773 4007,"260,3047,830",1812
903,Amy,Perkins,female,8950 9000,"3490,3385",
329,Christopher,Barber,male,8051 6478,"889,842","3457,275,2783"
447,Emily,Gardner,female,8952 6363,2959,
422,Jenna,Mason,female,9446 6375,"843,792,2002,2535",1870
713,Dustin,Calhoun,male,8951 0948,"1095,2993,2555",
441,Jennifer,Rodriguez,female,9312 6988,728,3229
6,Kyle,Patel,male,8952 8534,2306,
719,Jackie,Garrett,female,9755 4147,"1530,476,1166,2929",
976,Steven,Mueller,male,9735 9711,"3379,3361,3115,3217",1760
77,Kimberly,Snyder,female,8952 5258,"1660,170","1164,2396,530"
931,Cynthia,Young,female,9292 3968,3567,2337
239,Caroline,Nguyen,female,9767 5428,3101,"711,882"
599,Peggy,Reed,female,8952 9050,"2307,537,2654","2850,2968,2844"
500,Brian,Mercado,male,8952 4368,"2147,2196","1805,1399"
189,Michael,Mendoza,male,9523 8324,"1609,829,2985","1285,1656,1636"
438,Sharon,Edwards,female,8950 7424,"1562,114,3032",595
653,Martha,Ramos,female,8952 1555,"416,782,3397,2136",54
460,Molly,Taylor,female,9345 6950,1257,"3531,572"
876,Michael,Sanford,male,9573 6561,"1474,1344,3217,3267","1249,1642"
583,Jody,Mendez,female,8773 0612,"2607,1777,3592","2066,910"
580,Kristine,Ramirez,female,8950 8900,295,
429,Terri,Brown,female,8051 2324,"1524,2252","274,1495,2429"
386,Todd,Jackson,male,9236 0674,"302,2795,201",
490,Jim,Hill,male,9732 3429,3231,2524
579,Cheryl,Morrison,female,8051 1594,"1258,1988,567,2575",2503
912,Theresa,Hartman,female,8051 3470,1735,
585,Matthew,Massey,male,8950 9814,1670,"873,2860,2127"
110,Jessica,Ramsey,female,9898 3964,"1504,2074,3570","2650,2482,3326"
411,Erika,Mckinney,female,8051 0375,1319,"3019,139,2033"
226,Laurie,Ellis,female,8950 3931,"179,2699",
510,Anthony,Eaton,male,9008 2375,"683,507,2890","364,991"
634,John,Smith,male,8950 4974,"1452,2272","1909,3164,1439"
677,Benjamin,Garza,male,9736 7548,"3302,799","997,1403,1689"
753,Jessica,Murray,female,9013 2572,"2696,3503,2849,1951","673,2632,298"
556,Amanda,Garza,female,8051 9970,"640,1436,924,2044",3541
161,Louis,Smith,male,8952 5685,1519,"597,902"
388,Chelsea,Morrison,female,8952 9395,"3183,2233,1492,3121",509
663,Bryan,Riley,male,9391 2034,"1723,2040,2011,3288",
810,Shelby,Washington,female,8952 9042,"2515,1691,3036",2385
60,Amanda,Martin,female,8951 9987,"2005,2913,2993",3021
738,Alyssa,Sandoval,female,9476 0986,3256,"1225,2517,1144"
722,Jose,Jones,male,8051 0238,"3042,1152,1920,2834","76,343,3222"
248,John,Stevens,male,8051 2314,"2620,532,835,3526","1904,369"
995,Jennifer,Williams,female,8030 5279,"998,3010,996",396
455,Eric,Chan,male,8041 1901,"2596,918","1642,3085"
366,Elizabeth,Johnson,female,8952 2574,2358,
618,Andrew,Mayer,male,9472 6347,"993,1882",2013
52,Jessica,Schneider,female,9431 7406,"1397,2436","920,470,2537"
699,Kimberly,Ingram,female,9397 8449,"3474,3498,1160,1300","1774,3113"
484,Jose,Peterson,male,8950 3270,"1862,2569,2500",
616,Raymond,Sanchez,male,8952 4766,"1820,3458",1896
427,Stephen,Wu,male,9683 1811,"1298,1244","418,3199,2980"
669,William,Freeman,male,8951 9879,"2608,2476,2781,820","1943,2061"
76,Rhonda,Romero,female,9539 4267,"2407,1225,1684,168",3230
254,Mathew,Murphy,male,8951 4834,"2576,1496,1379,3592",382
708,Adam,Ward,male,8951 1744,"133,423,2969,1162","1967,1125,345"
277,James,Ramirez,male,8766 0332,"2064,582,1188","1675,939,1627"
720,Troy,Castillo,male,8952 7383,"3151,116,1910,2626","3109,381"
846,Mia,Daniel,female,9544 1283,"1945,1940",
901,Deborah,Thompson,female,8951 0759,1444,"689,3469"
642,Matthew,Barrera,male,9836 1397,"688,3405,1336,1909","2644,3417"
82,Kaitlin,Baker,female,8325 0507,"1231,436,1634,1528",
23,Andrew,Bond,male,8952 6531,2821,
626,Keith,Preston,male,8950 8260,"1747,3279",
929,Anita,Smith,female,8418 9387,"1631,1635",
255,Jeffrey,Smith,male,8952 9949,"1582,1697","2894,3010"
416,Daniel,Mora,male,8950 3879,3050,"1495,1646,1089"
788,Richard,Erickson,male,8051 6611,3366,"40,3116"
959,Krystal,Martinez,female,8040 1739,"2173,725,2395,250",
478,Gary,Gray,male,8051 9596,"2131,2236,3404,2996",3557
114,Austin,Sandoval,male,8952 5070,"1878,1917,93,3355","1244,914"
198,Beth,Yang,female,8165 8327,"1837,1197,504,3401",3215
795,Sarah,Taylor,female,9097 1482,"3000,2662","3083,2592"
598,Kyle,Olsen,male,9176 7199,"1003,2487",1688
133,Beth,Singleton,female,9126 9326,"1910,715,2183",2381
602,Robert,Gonzales,male,8051 5977,"3191,2628,1526",2132
809,Justin,Smith,male,9816 1623,"1601,44","2999,2453"
904,Donna,Nguyen,female,8414 4620,"2225,2809,3146,1677",
712,Kaitlin,Austin,female,8932 2669,"3395,535,3505,1390",
525,Dominic,Campbell,male,8051 3194,1311,"448,2624,2892"
347,Steven,Baker,male,9284 3524,3416,"1033,2916"
682,Jennifer,Gutierrez,female,8051 0392,"2125,818,188,1971",
1000,Ryan,Hernandez,male,8952 5854,98,"2031,1895,1683"
505,Robert,Gibson,male,8034 8928,"1101,1243",
365,Kimberly,Mason,female,8952 2400,"3441,3572,1270",3208
445,Ashley,Wheeler,female,9785 1951,"1908,2317,2848","1430,44"
184,Jennifer,Perez,female,8051 4979,"144,1994","19,1082,1944"
662,Jared,Fuentes,male,9003 1601,"3150,624","440,129"
356,Dorothy,Sandoval,female,8051 0580,"1763,2330","603,378,996"
797,Garrett,Watson,male,8952 9316,"750,1867","1729,3306"
183,Christina,Burns,female,8952 3535,2514,1958
514,Sheila,Clark,female,8952 7041,"439,526",2602
443,Dakota,Camacho,male,8215 9302,859,"479,408,2798"
428,Colin,Norman,male,8051 5424,"3344,3183","2134,1205,1155"
761,Michael,Clark,male,9273 4168,"28,150,2094","3213,1488,950"
96,Roger,Bray,male,8951 6410,2736,"162,451,2703"
519,Monica,Ortiz,female,8950 3938,"2005,2090",933
829,Michael,Beard,male,8950 9700,"2864,2237,253","2795,3000,421"
15,Justin,Contreras,male,8922 6100,"2937,2252,1631",1282
954,Jeffrey,Hickman,male,8051 2606,3465,"1629,2691"
660,Faith,Lane,female,9401 8547,"3480,858,2609",
963,Luke,Taylor,male,8051 4504,3551,1444
71,Kenneth,Sullivan,male,8950 1396,"262,2855",1763
783,David,Wilson,male,8051 9147,"728,2812,429","338,2871,804"
383,Cole,Martinez,male,8951 9380,"519,3316,2939","3281,2025,1538"
488,Theresa,Wolf,female,8051 2202,"989,3402",
917,Kevin,Bell,male,8048 6516,"1066,1636","56,3001,2823"
474,Troy,Peterson,male,9116 3896,"2849,3102,1556,1270","2852,108"
584,Paul,Ortiz,male,9743 7023,"8,3538,2887","2491,146,2994"
823,Brandon,Hudson,male,8952 7843,"1332,606,2146","487,411"
673,Caitlyn,Williams,female,8051 5982,"2427,26","1981,1288,1121"
961,Michael,Bryant,male,8345 2641,3018,
108,Katherine,Rodgers,female,9880 3016,"434,619",1250
62,Timothy,Cortez,male,8051 9339,"3434,277,3019",2951
58,Michael,Gross,male,8325 7513,3129,2368
649,Brian,Garcia,male,8952 3781,"3418,1136,667",
516,Ryan,Krueger,male,9088 2315,"2007,3105,2055",
175,Michael,Sanders,male,9458 4892,2931,"3392,3170,1660"
857,James,Sullivan,male,9724 7573,"2900,2513,2871,200",2085
56,Dennis,Webb,male,8013 0724,"2762,151",2839
87,Sheri,Gilbert,female,8033 5367,"55,236,3471,467",842
458,Gina,Wagner,female,8912 2966,644,"750,204,1632"
825,Pamela,Lopez,female,8051 3180,67,349
560,Anne,Williams,female,9321 8837,"935,3579,2567,3207","3540,1465"
765,Dennis,Willis,male,8924 0651,138,"1208,2541,2752"
690,Hayley,Garcia,female,9561 1411,"3124,1302",
908,Adrienne,Palmer,female,8950 5505,"1007,844,1763","2726,1788,3273"
757,Rachel,Oliver,female,8051 5018,"134,740,2780,1092",
123,Jorge,Brooks,male,9706 4861,"2493,587,2159,3328","2352,1713,277"
716,Stephen,Hall,male,8914 4302,2765,1188
139,Lee,Lloyd,male,9493 1393,135,"3374,1574,3562"
990,James,Grant,male,9428 1507,"1223,3016,76","2177,2461"
921,Kristen,Blackwell,female,8951 0722,3308,494
312,George,Richardson,male,8033 0866,"495,200,108","3084,713"
195,Geoffrey,Moreno,male,8950 0515,"1254,1145","935,2701"
650,Veronica,Matthews,female,9820 5574,"3075,1995","1134,3523,350"
112,Angela,Tran,female,8937 4239,"2046,1030","676,1088"
313,Ronald,Gates,male,9439 9903,"2146,128,2636",
617,Jonathan,Hudson,male,8951 6961,"936,1779,308",
721,Wayne,Larson,male,8051 2442,"292,1231,661","245,2037,1060"
919,Connie,Estrada,female,8648 2649,"1644,2251,938,3357","2987,1523,1912"
359,Tara,Cardenas,female,9598 0301,1592,"917,823,2598"
421,Nicholas,Wong,male,8950 0669,"2076,1420,1764,1602","132,2433"
457,Laura,Stokes,female,9839 1688,"140,1270,2068,1804",2933
379,James,Ray,male,8951 8017,"795,715",
992,Jessica,Mcknight,female,8951 9371,"1029,2465","605,3141,1750"
97,Susan,Dillon,female,9071 6414,"6,370,3477,303","2480,1907"
394,Curtis,Jacobson,male,9180 4152,"2375,2361,853,3494","2865,2045"
559,Natalie,Stevenson,female,8952 2525,1206,
360,Jeffrey,Brown,male,9170 7703,"2474,397",2869
847,Gabrielle,Sanders,female,8951 3604,"1285,1531",661
947,Jeffrey,Mcdonald,male,9837 8876,2959,
572,Sarah,Sexton,female,9850 9624,"56,1736,879","3545,186"
367,Pamela,Becker,female,9489 5173,"2084,909","518,1275"
611,Steven,Lucas,male,8915 0011,"2181,54",
378,Robin,Smith,female,9244 4328,"1501,2333,531",3209
384,Steven,James,male,8951 1067,"3112,2046,2347,3008",
907,Gregory,Diaz,male,9217 2084,"2403,2003,2188,1768",
433,Matthew,Lawrence,male,8922 1027,245,"1477,743,1998"
674,Jackson,Blanchard,male,8944 9309,"1795,255,1533,2544",2472
539,Andrew,Simmons,male,8051 5298,730,"3164,2659"
994,Natalie,Williams,female,9550 0521,"1170,1783,2641,139",
828,Matthew,Werner,male,8051 4573,"996,2318,1995,976","2712,2349"
103,Edward,Miller,male,8912 5687,326,1672
939,John,Sloan,male,8860 1334,"196,3455,891",2835
905,Charles,Ward,male,8346 3043,"505,1775,1355,3234","744,730,119"
197,Paul,Edwards,male,9880 5061,"554,2956",706
495,Brenda,Martinez,female,8950 2157,3413,3173
767,Angela,Mclaughlin,female,8051 9186,3247,"2576,2957,1224"
172,Nicholas,Lopez,male,9817 3848,"2217,3148,1816,168","2694,538,3090"
991,John,Walker,male,8133 5828,"2155,2403,2897,1607","128,2992"
278,Crystal,Rodriguez,female,8952 4636,"2956,1749,3184,2244","2208,3198"
889,Mark,Holland,male,8946 8147,"634,961,403",447
679,Janet,Howard,female,9026 3277,"2387,2012","3141,3170"
341,Brian,Wilson,male,9413 7086,"647,1895,3028","1303,446"
517,Christina,Klein,female,8120 9612,1753,1519
946,Christina,Chen,female,9134 5091,"3336,2632,662","2068,3204,42"
974,Michael,Andrade,male,8950 6215,"3589,1948","2028,1668,868"
473,Janice,Knox,female,8886 2597,"1869,1438","2517,2917,2783"
564,Julia,Parrish,female,8950 0446,159,
574,Jill,Howard,female,8951 1486,"2682,1922,3040,2081",521
509,Patricia,Mendoza,female,8051 8235,"2332,2484,2923","3554,618"
590,Heather,Bryan,female,8022 2893,"2777,1428,1527,267",1168
326,Austin,Brown,male,8951 7006,1107,1777
960,Andrea,Davis,female,8951 5372,"3524,451","1892,1736"
694,Samantha,Wright,female,8952 8670,"2854,1439,131,3483",34
169,James,Terrell,male,8263 5186,"307,2727",2553
362,Bryce,Cook,male,9465 9142,"1158,1502,10","13,413,1766"
935,Sarah,Nelson,female,8051 2373,"1302,2020,2700,2855",1734
357,Jessica,Patterson,female,8952 2867,"1137,3555","2965,3271"
578,Donna,Thompson,female,8051 6202,"1657,2192,3588,2042","1042,1285"
147,Jonathan,Stokes,male,9338 1961,"1755,2501,744",198
227,Sarah,Daniels,female,8952 3889,"851,1004,2288,756",3448
985,Alexa,Bean,female,8951 0276,33,674
142,Kenneth,Lowery,male,9415 6012,1939,"3008,3082,1300"
42,Micheal,Martinez,male,8952 5007,474,"3161,1401"
188,Anthony,Hernandez,male,9642 0717,"2983,1433,3561,668",
742,Emily,Cain,female,9084 4382,"646,1302,1671","2863,461"
803,Teresa,Herrera,female,9778 2501,"1426,1019,1208",
180,Jeffrey,Allen,male,9791 7367,"1365,2653","1409,207,1349"
600,Dominique,Williams,female,9322 4467,"1350,245",
22,Craig,White,male,8051 6151,"974,2356,981,2992","1230,1779"
454,Angela,Abbott,female,8051 6913,"333,1639,549,2061","936,2796,1683"
316,Angela,Dawson,female,8051 0517,"2380,2503,2245,1022",2840
834,Vincent,Berry,male,8051 4265,"3424,1209",2962
737,Erin,Wells,female,8952 0877,"397,3160,264","2933,1878,3430"
873,Andrew,White,male,8051 8565,"3249,2705,2433,3193","2921,414"
181,Jacob,Wright,male,8952 5252,"812,3115",
777,Courtney,Morales,female,8930 1038,364,"1890,2380,489"
223,Crystal,Mendez,female,9776 8443,"2976,2410,1396,771","1063,748"
373,Martha,Logan,female,8712 4144,3358,"2823,3346"
426,Brian,Leonard,male,8051 8803,"1841,1075,1023",
431,Evelyn,Kirby,female,9100 6517,2584,268
553,Lauren,Holmes,female,8051 7366,"1848,454,1139,3407","2411,1423"
655,Joseph,Graham,male,8950 9252,"399,1900,2449,90",883
286,Joseph,Rivera,male,8242 7405,"2863,26,3452",
271,Daniel,Brown,male,9228 6740,"563,976,1582,2000",989
586,Paul,Moran,male,8951 3616,"1432,995,813",1601
730,David,Gonzalez,male,9187 9184,"3150,3260","862,2709,2718"
102,Jonathan,Lin,male,9489 6071,1438,
527,Chelsea,Mccall,female,8952 1083,742,
351,Ryan,Mckenzie,male,9471 5439,"2389,1956,2558",3138
672,Rebecca,Ford,female,8356 4619,"2504,2677,1103","2097,899,2457"
755,Eduardo,Shah,male,8951 7039,"3049,2768,387",
770,Anne,Herrera,female,9474 2901,774,"2318,3029"
33,Troy,Rios,male,8950 2893,"1976,268,11,71",284
989,Cheyenne,Smith,female,8950 0049,"713,1545,3135",911
732,Adam,Douglas,male,8051 8336,2927,"1995,353,982"
625,Jeremiah,Washington,male,8051 7630,"1380,124,3504","3414,3174"
144,Samantha,Terry,female,8952 7654,"2833,3594,1023",111
953,Sharon,Goodwin,female,8951 1775,"724,855,2346,134","2696,1503,2084"
404,Candace,Perez,female,8051 2266,"2016,3392","112,1297,1845"
202,Ronnie,Osborne,male,8261 4660,"2167,2931",
126,Joshua,Hill,male,8028 7497,"3292,2822,1099","1031,3382,2287"
18,Suzanne,Anderson,female,9830 1394,"1834,2886,638",1909
733,Matthew,Vazquez,male,8051 0878,"1086,3434,3562",
814,Jennifer,May,female,8051 2586,1035,
315,Frank,Hanson,male,8951 7752,3462,1203
515,Dominique,Mora,female,8040 0055,"2725,2473","2578,2521"
802,Tina,Anderson,female,8952 8230,"428,2441,2739,538","1288,2878,1190"
40,James,Stone,male,8951 2018,"2327,802,2201,1171","3319,275,975"
707,Michael,Martinez,male,8907 3651,"1743,924,1608,1671","413,3393,226"
115,Lindsay,Powers,female,9250 1268,"1745,2591,2433,370","483,571"
186,Jeffrey,Flores,male,9020 0869,"957,2056,68","2163,1211,3396"
199,David,Cordova,male,8495 7891,"1904,2685,1429,783",1888
496,David,Gray,male,8952 4679,"1089,429,1734,353","2203,3222,1726"
944,Kendra,Miller,female,8952 3113,"849,2168,470,19","1069,2121,299"
619,Julie,Pierce,female,8051 1134,"3362,2488,421","2376,1188"
432,Michael,Newman,male,9813 8270,"2605,3473,1227,966",2421
816,Gregory,Mullins,male,8951 4386,"2773,2235,1115,2167",
5,William,Gonzales,male,8051 2051,831,1198
459,John,Morris,male,8952 4430,"3368,2328,265",
744,Kenneth,Garcia,male,9611 2715,"222,3146,2769,3354",2552
236,Amber,Hernandez,female,8914 3526,"1794,2976,3346,1885",1449
471,Brian,Lin,male,8952 8146,"1921,28,1426",
522,Kyle,Brown,male,9602 2053,"2468,1216,2948","2067,1816"
450,Christopher,Sharp,male,9845 6596,"2067,3034,615","1606,3190,472"
295,Bethany,Daniels,female,8950 9949,"3203,1193",2157
566,Alexis,Kelley,female,8051 2962,"2645,1877",1866
815,Jennifer,Schmidt,female,9841 1963,1293,"2020,700,2877"
12,Jenny,Herrera,female,9533 7835,"2800,3191,1910","816,240,1846"
766,Connie,Wilcox,female,9884 8723,2230,700
565,Lacey,Hart,female,9454 5416,"111,1165",
308,Sandra,Harper,female,8051 6285,"2489,3496","122,2724"
805,Seth,Kelley,male,9269 7112,696,
250,Jeffrey,Harris,male,9467 8615,"2835,3428,1598,2920",2240
927,Michael,Miller,male,8951 8001,"2222,206,1241","1037,324,3135"
786,Eileen,Richards,female,8051 0196,2146,"3019,138,434"
666,Morgan,Krause,female,8950 0979,562,"1760,2186"
100,Derek,Bailey,male,9220 7358,"1800,3543",1438
318,Eric,Preston,male,9063 1940,"1923,2578",1843
192,Brenda,Walker,female,9754 4177,"1011,631,1270,3518",
200,Larry,Deleon,male,8904 6030,"2574,1084,2160",3035
950,Brian,Oliver,male,8051 4628,"379,1565,1937","1844,1946"
168,Samantha,Heath,female,8445 2888,"2367,1211,900,1102","1069,326,1414"
898,Nathaniel,Haynes,male,9520 7486,"198,2975",3337
475,Ronald,Burnett,male,9449 0258,"88,2660",
914,Jason,Moore,male,8952 5192,"3262,2082","184,346,1222"
970,James,Sanchez,male,8051 2650,"2628,1002,3547","1215,1081,1493"
548,Jasmine,Keller,female,9051 1719,2476,1446
820,Taylor,May,male,8941 8589,163,
390,Jessica,Evans,female,9591 8533,"1626,875,2560,2402",2343
968,Roberto,Richardson,male,8051 2867,2053,1746
364,Michael,Hart,male,8051 0216,"952,2221,2551,2432",337
891,Kelsey,Edwards,female,8702 3598,"1759,3593,2664,1241","2998,992,1009"
122,Jean,Flowers,female,8051 9662,3294,
402,Christopher,George,male,9430 8766,"3372,1641",1475
1001,John,SMith,,12345678,,
